Model Name,Loss,Accuracy,Precision,Recall,Training Time
Logistic Regression,2.756787643215413,0.3962465060561693,,,
XGBoost,3.271472504708748,0.3330227605483828,,,
MLP,1.490460157394409,0.5500465631484985,,,

Logistic Regression,2.298418015204564,0.259047619047619,0.28895865179524055,0.259047619047619,0.08234906196594238
XGBoost,4.049148259111704,0.3676984126984127,0.3419954628640743,0.36769841269841275,6.3489978313446045
MLP,1.7294771671295166,0.524920642375946,0.5294918106550219,0.524920634920635,9.0
DQN,12.647429900223889,0.44206349206349205,0.4798530336635929,0.44206349206349205,233.87968611717224