Model Name,Loss,Accuracy,Precision,Recall,Train Time
DQN,12.647429900223889,0.44206349206349205,0.4798530336635929,0.44206349206349205,233.87968611717224