Model Name,Loss,Accuracy,Precision,Recall,Train Time
tf-keras-central,7.789050102233887,0.512511670589447,,,
MLP,1.7294771671295166,0.524920642375946,0.5294918106550219,0.524920634920635,9.0
