Model Name,Loss,Accuracy
tf-keras-central,3.82341742515564,0.6228333115577698
Logistic Regression,0.7561422653935285,0.7499444444444444
XGBoost,1.1050673233306774,0.7186666666666667
