Model Name,Loss,Accuracy
Logistic Regression,0.7561422653882091,0.7499444444444444
XGBoost,1.1050673233306774,0.7186666666666667
MLP,0.9988918304443359,0.7696666717529297


