dModel Name,Loss,Accuracy
DQN,0.656830026940557,0.6298888888888889
