Model Name,Loss,Accuracy
MLP,0.9988918304443359,0.7696666717529297
