Model Name,Loss,Accuracy
tf-keras-central,4.0997467041015625,0.6537777781486511
