Model Name,Loss,Accuracy
MLP,1.7654890775680545,0.8243303537368775
MLP,1.03930504322052,0.8191964268684387
MLP,0.5829084634780883,0.8299553394317627
MLP,0.4605831503868103,0.8304910659790039
MLP,0.4281912922859192,0.8299999952316284
MLP,0.4171090245246887,0.8294642925262451
MLP,0.4105780065059662,0.8294196605682373
MLP,0.4055972695350647,0.8295535802841186
MLP,0.4012806892395019,0.8288839340209961
MLP,0.3961084604263306,0.8282589197158814
