Model Name,Loss,Accuracy
Logistic Regression,2.756787643215413,0.3962465060561693
XGBoost,3.271472504708748,0.3330227605483828
