Model Name,Loss,Accuracy
Logistic Regression,2.7567876432154135,0.3962465060561693
XGBoost,3.271472504708748,0.3330227605483828
MLP,1.490460157394409,0.5500465631484985

