Model Name,Loss,Accuracy
tf-keras-central,7.789050102233887,0.512511670589447
