Model Name,Loss,Accuracy
DQN,0.5800435269350096,0.8253125
DQN,0.5831860194767239,0.8220089285714286
DQN,0.5698846258721035,0.8644196428571429
DQN,0.5685288699996596,0.8662946428571429
DQN,0.5639490819346563,0.8729017857142857
DQN,0.5663173871978094,0.8672321428571429
DQN,0.5680916323624468,0.8639732142857143
DQN,0.5685844486099617,0.8629017857142857
DQN,0.5686113876817808,0.8631696428571428
DQN,0.569587295874677,0.86125
