Model Name,Loss,Accuracy
MLP,0.6296395421028137,0.7874553561210632
MLP,0.5528553605079651,0.7875892758369446
MLP,0.4785948395729065,0.7902678608894348
MLP,0.4405026495456695,0.7940178632736206
MLP,0.424518221616745,0.7922321438789368
MLP,0.4149049758911133,0.8275000095367432
MLP,0.4085824012756348,0.8280357003211976
MLP,0.4031934320926666,0.8272767901420593
MLP,0.3978699803352356,0.8266964316368103
MLP,0.39064836502075195,0.825401782989502
