Model Name,Loss,Accuracy
XGBoost,0.6214220355971959,0.6880803571428571
XGBoost,0.5926495445276212,0.6902232142857143
XGBoost,0.5878616457204942,0.7337946428571429
XGBoost,0.5522726756987536,0.7349107142857143
XGBoost,0.5442614888610057,0.7350446428571429
XGBoost,0.527610339784682,0.7411160714285714
XGBoost,0.5152570336456576,0.7409375
XGBoost,0.4828976852329987,0.7361160714285714
XGBoost,0.4686215424548558,0.7336160714285714
XGBoost,0.46153348042133824,0.7411607142857143
