Model Name,Loss,Accuracy,Precision,Recall,Training Time
Logistic Regression,0.7561422653882091,0.7499444444444444,,,
XGBoost,1.1050673233306774,0.7186666666666667,,,
MLP,0.998891830444336,0.7696666717529297,,,

Logistic Regression,0.7138541260124548,0.8610714285714286,0.8805515032560727,0.8610714285714285,2.952711820602417
XGBoost,1.126808692733453,0.7160267857142857,0.7165701464689641,0.7160267857142857,3.239982843399048
DQN_one_7,0.5751748108429889,0.8220089285714286,0.9494080996884735,0.6802678571428571,,366.17644715309143
MLP,0.46597638726234436,0.8480803370475769,0.9033626487325401,0.7795535714285714,9.0
