Model Name,Loss,Accuracy,Precision,Recall, Train Time,Train Time
DQN_1,0.656830026940557,0.6298888888888889,0.0,0.0,0.0,
DQN_one_7,0.5751748108429889,0.8220089285714286,0.9494080996884736,0.6802678571428571,,366.1764471530914
DQN_one_test,0.6320246253224018,0.8382589285714286,0.19694684250392525,0.18627976190476192,,31.37393355369568
