Model Name,Loss,Accuracy,Precision,Recall,Train Time
MLP,0.46597638726234436,0.8480803370475769,0.9033626487325401,0.7795535714285714,9.0
