Model Name,Loss,Accuracy
Logistic Regression,0.4190010658544622,0.8471316384932783
Logistic Regression,0.4190010658544622,0.8471316384932783
Logistic Regression,0.41900106585446223,0.8471316384932783
