Model Name,Loss,Accuracy
Logistic Regression,0.6931471805599453,0.4977777777777777
Logistic Regression,0.3490312812927381,0.8537222222222223
Logistic Regression,0.3490312812927381,0.8537222222222223
Logistic Regression,0.3490312812927381,0.8537222222222223
XGBoost,0.6109100770808994,0.9606666666666668
XGBoost,0.4856051006632012,0.9662777777777778
XGBoost,0.3821894492359183,0.9428888888888889
