Model Name,Loss,Accuracy
XGBoost,0.6109100770808994,0.9606666666666668
XGBoost,0.4856051006632012,0.9662777777777778
XGBoost,0.3821894492359183,0.9428888888888889
